<table name='vdclipvc' type='idx' maxRecLen='128' minRecLen='128' keyCount='1'>
 <key segCount='1' duplicate='false'>
  <segment offset='0' size='8'/>
  <part name='VDCLIPVC_CODCAT'/>
  <part name='VDCLIPVC_CODPRD'/>
 </key>
 <field name='VDCLIPVC_REGISTRO' offset='0' size='128' type='Alphanum' hidden='true'>
  <field name='VDCLIPVC_CHAVE' offset='0' size='8' type='Alphanum' hidden='true'>
   <field name='VDCLIPVC_CODCAT' offset='0' size='2' type='Alphanum'/>
   <field name='VDCLIPVC_CODPRD' offset='2' size='6' type='NumUnsigned' digits='6' scale='0'/>
   <field name='FILLER' offset='2' size='6' type='Alphanum' hidden='true'>
    <field name='VDCLIPVC_CFAM' offset='2' size='3' type='NumUnsigned' digits='3' scale='0' hidden='true'/>
    <field name='VDCLIPVC_NRO' offset='5' size='3' type='NumUnsigned' digits='3' scale='0' hidden='true'/>
   </field>
  </field>
  <field name='VDCLIPVC_AUDIT' offset='8' size='56' type='Alphanum' hidden='true'>
   <field name='VDCLIPVC_LOGDT' offset='8' size='8' type='NumUnsigned' digits='8' scale='0'/>
   <field name='VDCLIPVC_INCLDT' offset='16' size='8' type='NumUnsigned' digits='8' scale='0'/>
   <field name='VDCLIPVC_INCLHR' offset='24' size='4' type='NumUnsigned' digits='4' scale='0'/>
   <field name='VDCLIPVC_INCLUSER' offset='28' size='3' type='Alphanum'/>
   <field name='VDCLIPVC_ALTEDT' offset='31' size='8' type='NumUnsigned' digits='8' scale='0'/>
   <field name='VDCLIPVC_ALTEHR' offset='39' size='4' type='NumUnsigned' digits='4' scale='0'/>
   <field name='VDCLIPVC_ALTEUSER' offset='43' size='3' type='Alphanum'/>
   <field name='VDCLIPVC_CANCDT' offset='46' size='8' type='NumUnsigned' digits='8' scale='0'/>
   <field name='VDCLIPVC_CANCHR' offset='54' size='4' type='NumUnsigned' digits='4' scale='0'/>
   <field name='VDCLIPVC_CANCUSER' offset='58' size='3' type='Alphanum'/>
   <field name='VDCLIPVC_CANCSN' offset='61' size='1' type='NumUnsigned' digits='1' scale='0'/>
   <field name='VDCLIPVC_NIVELAUDIT' offset='62' size='2' type='NumUnsigned' digits='2' scale='0'/>
  </field>
  <field name='VDCLIPVC_DADOS' offset='64' size='26' type='Alphanum' hidden='true'>
   <field name='VDCLIPVC_PVC_MIN_UN' offset='64' size='7' type='NumUnsigned' digits='7' scale='2'/>
   <field name='VDCLIPVC_PVC_MAX_UN' offset='71' size='7' type='NumUnsigned' digits='7' scale='2'/>
   <field name='VDCLIPVC_PROD_ESTRAT' offset='78' size='1' type='NumUnsigned' digits='1' scale='0'/>
   <field name='VDCLIPVC_SUG_QTDECX' offset='79' size='7' type='NumUnsigned' digits='7' scale='0'/>
   <field name='VDCLIPVC_SUG_QTDEUN' offset='86' size='3' type='NumUnsigned' digits='3' scale='0'/>
   <field name='VDCLIPVC_ORIGEM_INFO' offset='89' size='1' type='Alphanum'/>
  </field>
  <field name='VDCLIPVC_FILLER' offset='90' size='38' type='Alphanum'/>
 </field>
</table>
