<table name='vdcliifp' type='idx' maxRecLen='179' minRecLen='179' keyCount='3'>
 <key segCount='1' duplicate='false'>
  <segment offset='0' size='14'/>
  <part name='VDCLIIFP_CODCLI'/>
  <part name='VDCLIIFP_CODFSP'/>
  <part name='VDCLIIFP_GRPPAR'/>
 </key>
 <key segCount='3' duplicate='false'>
  <segment offset='8' size='3'/>
  <segment offset='11' size='3'/>
  <segment offset='0' size='8'/>
  <part name='VDCLIIFP_CODFSP'/>
  <part name='VDCLIIFP_GRPPAR'/>
  <part name='VDCLIIFP_CODCLI'/>
 </key>
 <key segCount='3' duplicate='false'>
  <segment offset='11' size='3'/>
  <segment offset='8' size='3'/>
  <segment offset='0' size='8'/>
  <part name='VDCLIIFP_GRPPAR'/>
  <part name='VDCLIIFP_CODFSP'/>
  <part name='VDCLIIFP_CODCLI'/>
 </key>
 <field name='VDCLIIFP_REGISTRO' offset='0' size='179' type='Alphanum' hidden='true'>
  <field name='VDCLIIFP_CHAVE' offset='0' size='14' type='Alphanum' hidden='true'>
   <field name='VDCLIIFP_CODCLI' offset='0' size='8' type='NumUnsigned' digits='8' scale='0'/>
   <field name='FILLER' offset='0' size='8' type='Alphanum' hidden='true'>
    <field name='VDCLIIFP_REGI' offset='0' size='4' type='NumUnsigned' digits='4' scale='0' hidden='true'/>
    <field name='VDCLIIFP_NUM' offset='4' size='4' type='NumUnsigned' digits='4' scale='0' hidden='true'/>
   </field>
   <field name='VDCLIIFP_CODFSP' offset='8' size='3' type='NumUnsigned' digits='3' scale='0'/>
   <field name='VDCLIIFP_GRPPAR' offset='11' size='3' type='NumUnsigned' digits='3' scale='0'/>
  </field>
  <field name='VDCLIIFP_AUDIT' offset='14' size='56' type='Alphanum' hidden='true'>
   <field name='VDCLIIFP_LOGDT' offset='14' size='8' type='NumUnsigned' digits='8' scale='0'/>
   <field name='VDCLIIFP_INCLDT' offset='22' size='8' type='NumUnsigned' digits='8' scale='0'/>
   <field name='VDCLIIFP_INCLHR' offset='30' size='4' type='NumUnsigned' digits='4' scale='0'/>
   <field name='VDCLIIFP_INCLUSER' offset='34' size='3' type='Alphanum'/>
   <field name='VDCLIIFP_ALTEDT' offset='37' size='8' type='NumUnsigned' digits='8' scale='0'/>
   <field name='VDCLIIFP_ALTEHR' offset='45' size='4' type='NumUnsigned' digits='4' scale='0'/>
   <field name='VDCLIIFP_ALTEUSER' offset='49' size='3' type='Alphanum'/>
   <field name='VDCLIIFP_CANCDT' offset='52' size='8' type='NumUnsigned' digits='8' scale='0'/>
   <field name='VDCLIIFP_CANCHR' offset='60' size='4' type='NumUnsigned' digits='4' scale='0'/>
   <field name='VDCLIIFP_CANCUSER' offset='64' size='3' type='Alphanum'/>
   <field name='VDCLIIFP_CANCSN' offset='67' size='1' type='NumUnsigned' digits='1' scale='0'/>
   <field name='VDCLIIFP_NIVELAUDIT' offset='68' size='2' type='NumUnsigned' digits='2' scale='0'/>
  </field>
  <field name='VDCLIIFP_DADOS' offset='70' size='18' type='Alphanum' hidden='true'>
   <field name='VDCLIIFP_SIT' offset='70' size='1' type='NumUnsigned' digits='1' scale='0'/>
   <field name='VDCLIIFP_DTULTCOMPRA' offset='71' size='8' type='NumUnsigned' digits='8' scale='0'/>
   <field name='VDCLIIFP_POLARIZADO' offset='79' size='1' type='Alphanum'/>
   <field name='VDCLIIFP_NUMDIAS' offset='80' size='3' type='NumUnsigned' digits='3' scale='0'/>
   <field name='VDCLIIFP_NUMDIAS_PERDE' offset='83' size='5' type='NumUnsigned' digits='5' scale='0'/>
  </field>
  <field name='VDCLIIFP_FILLER' offset='88' size='91' type='Alphanum'/>
 </field>
</table>
