<table name='vdclisvi' type='idx' maxRecLen='180' minRecLen='180' keyCount='3'>
 <key segCount='1' duplicate='false'>
  <segment offset='0' size='19'/>
  <part name='VDCLISVI_CODCLI'/>
  <part name='VDCLISVI_DTVISITA'/>
  <part name='VDCLISVI_SEQVISITA'/>
 </key>
 <key segCount='3' duplicate='false'>
  <segment offset='8' size='8'/>
  <segment offset='16' size='3'/>
  <segment offset='0' size='8'/>
  <part name='VDCLISVI_DTVISITA'/>
  <part name='VDCLISVI_SEQVISITA'/>
  <part name='VDCLISVI_CODCLI'/>
 </key>
 <key segCount='2' duplicate='false'>
  <segment offset='19' size='8'/>
  <segment offset='0' size='19'/>
  <part name='VDCLISVI_LOGDT'/>
  <part name='VDCLISVI_CODCLI'/>
  <part name='VDCLISVI_DTVISITA'/>
  <part name='VDCLISVI_SEQVISITA'/>
 </key>
 <field name='VDCLISVI_REGISTRO' offset='0' size='180' type='Alphanum' hidden='true'>
  <field name='VDCLISVI_CHAVE' offset='0' size='19' type='Alphanum' hidden='true'>
   <field name='VDCLISVI_CODCLI' offset='0' size='8' type='NumUnsigned' digits='8' scale='0'/>
   <field name='FILLER' offset='0' size='8' type='Alphanum' hidden='true'>
    <field name='VDCLISVI_REGI' offset='0' size='4' type='NumUnsigned' digits='4' scale='0' hidden='true'/>
    <field name='VDCLISVI_NUM' offset='4' size='4' type='NumUnsigned' digits='4' scale='0' hidden='true'/>
   </field>
   <field name='VDCLISVI_DTVISITA' offset='8' size='8' type='NumUnsigned' digits='8' scale='0'/>
   <field name='FILLER' offset='8' size='8' type='Alphanum' hidden='true'>
    <field name='VDCLISVI_ANOVISITA' offset='8' size='4' type='NumUnsigned' digits='4' scale='0' hidden='true'/>
    <field name='VDCLISVI_MESVISITA' offset='12' size='2' type='NumUnsigned' digits='2' scale='0' hidden='true'/>
    <field name='VDCLISVI_DIAVISITA' offset='14' size='2' type='NumUnsigned' digits='2' scale='0' hidden='true'/>
   </field>
   <field name='VDCLISVI_SEQVISITA' offset='16' size='3' type='NumUnsigned' digits='3' scale='0'/>
  </field>
  <field name='VDCLISVI_AUDIT' offset='19' size='56' type='Alphanum' hidden='true'>
   <field name='VDCLISVI_LOGDT' offset='19' size='8' type='NumUnsigned' digits='8' scale='0'/>
   <field name='VDCLISVI_INCLDT' offset='27' size='8' type='NumUnsigned' digits='8' scale='0'/>
   <field name='VDCLISVI_INCLHR' offset='35' size='4' type='NumUnsigned' digits='4' scale='0'/>
   <field name='VDCLISVI_INCLSIGLA' offset='39' size='3' type='Alphanum'/>
   <field name='VDCLISVI_ALTEDT' offset='42' size='8' type='NumUnsigned' digits='8' scale='0'/>
   <field name='VDCLISVI_ALTEHR' offset='50' size='4' type='NumUnsigned' digits='4' scale='0'/>
   <field name='VDCLISVI_ALTESIGLA' offset='54' size='3' type='Alphanum'/>
   <field name='VDCLISVI_CANCDT' offset='57' size='8' type='NumUnsigned' digits='8' scale='0'/>
   <field name='VDCLISVI_CANCHR' offset='65' size='4' type='NumUnsigned' digits='4' scale='0'/>
   <field name='VDCLISVI_CANCSIGLA' offset='69' size='3' type='Alphanum'/>
   <field name='VDCLISVI_CANCSN' offset='72' size='1' type='NumUnsigned' digits='1' scale='0'/>
   <field name='VDCLISVI_NIVELAUDIT' offset='73' size='2' type='NumUnsigned' digits='2' scale='0'/>
  </field>
  <field name='VDCLISVI_DADOS' offset='75' size='105' type='Alphanum' hidden='true'>
   <field name='VDCLISVI_CODVEN' offset='75' size='3' type='Alphanum'/>
   <field name='VDCLISVI_HORAVISITA_INI' offset='78' size='4' type='NumUnsigned' digits='4' scale='0'/>
   <field name='VDCLISVI_HORAVISITA_FIM' offset='82' size='4' type='NumUnsigned' digits='4' scale='0'/>
   <field name='VDCLISVI_DURAVISITA' offset='86' size='4' type='NumUnsigned' digits='4' scale='0'/>
   <field name='VDCLISVI_PROG_ORIGEM' offset='90' size='8' type='Alphanum'/>
   <field name='VDCLISVI_FILLER' offset='98' size='82' type='Alphanum'/>
  </field>
 </field>
</table>
