<table name='vdclcvte' type='idx' maxRecLen='192' minRecLen='192' keyCount='1'>
 <key segCount='1' duplicate='false'>
  <segment offset='0' size='14'/>
  <part name='VDCLCVTE_CODCLI'/>
  <part name='VDCLCVTE_CODPRD'/>
 </key>
 <field name='VDCLCVTE_REGISTRO' offset='0' size='192' type='Alphanum' hidden='true'>
  <field name='VDCLCVTE_CHAVE' offset='0' size='14' type='Alphanum' hidden='true'>
   <field name='VDCLCVTE_CODCLI' offset='0' size='8' type='NumUnsigned' digits='8' scale='0'/>
   <field name='FILLER' offset='0' size='8' type='Alphanum' hidden='true'>
    <field name='VDCLCVTE_REGI' offset='0' size='4' type='NumUnsigned' digits='4' scale='0' hidden='true'/>
    <field name='VDCLCVTE_NUM' offset='4' size='4' type='NumUnsigned' digits='4' scale='0' hidden='true'/>
   </field>
   <field name='VDCLCVTE_CODPRD' offset='8' size='6' type='NumUnsigned' digits='6' scale='0'/>
   <field name='FILLER' offset='8' size='6' type='Alphanum' hidden='true'>
    <field name='VDCLCVTE_CFAM' offset='8' size='3' type='NumUnsigned' digits='3' scale='0' hidden='true'/>
    <field name='VDCLCVTE_NRO' offset='11' size='3' type='NumUnsigned' digits='3' scale='0' hidden='true'/>
   </field>
  </field>
  <field name='VDCLCVTE_AUDIT' offset='14' size='56' type='Alphanum' hidden='true'>
   <field name='VDCLCVTE_LOGDT' offset='14' size='8' type='NumUnsigned' digits='8' scale='0'/>
   <field name='VDCLCVTE_INCLDT' offset='22' size='8' type='NumUnsigned' digits='8' scale='0'/>
   <field name='VDCLCVTE_INCLHR' offset='30' size='4' type='NumUnsigned' digits='4' scale='0'/>
   <field name='VDCLCVTE_INCLSIGLA' offset='34' size='3' type='Alphanum'/>
   <field name='VDCLCVTE_ALTEDT' offset='37' size='8' type='NumUnsigned' digits='8' scale='0'/>
   <field name='VDCLCVTE_ALTEHR' offset='45' size='4' type='NumUnsigned' digits='4' scale='0'/>
   <field name='VDCLCVTE_ALTESIGLA' offset='49' size='3' type='Alphanum'/>
   <field name='VDCLCVTE_CANCDT' offset='52' size='8' type='NumUnsigned' digits='8' scale='0'/>
   <field name='VDCLCVTE_CANCHR' offset='60' size='4' type='NumUnsigned' digits='4' scale='0'/>
   <field name='VDCLCVTE_CANCSIGLA' offset='64' size='3' type='Alphanum'/>
   <field name='VDCLCVTE_CANCSN' offset='67' size='1' type='NumUnsigned' digits='1' scale='0'/>
   <field name='VDCLCVTE_NIVELAUDIT' offset='68' size='2' type='NumUnsigned' digits='2' scale='0'/>
  </field>
  <field name='VDCLCVTE_DADOS' offset='70' size='90' type='Alphanum' hidden='true'>
   <field name='VDCLCVTE_CIA_QTDCX' offset='70' size='7' type='NumUnsigned' digits='7' scale='0'/>
   <field name='VDCLCVTE_CIA_QTDUN' offset='77' size='7' type='NumUnsigned' digits='7' scale='0'/>
   <field name='VDCLCVTE_CEV_QTDCX' offset='84' size='7' type='NumUnsigned' digits='7' scale='0'/>
   <field name='VDCLCVTE_CEV_QTDUN' offset='91' size='7' type='NumUnsigned' digits='7' scale='0'/>
   <field name='VDCLCVTE_HIS_QTDCX' offset='98' size='7' type='NumUnsigned' digits='7' scale='0'/>
   <field name='VDCLCVTE_HIS_QTDUN' offset='105' size='7' type='NumUnsigned' digits='7' scale='0'/>
   <field name='VDCLCVTE_VIS_QTDMES' offset='112' size='2' type='NumUnsigned' digits='2' scale='0'/>
   <field name='VDCLCVTE_VIS_QTD_REAL' offset='114' size='2' type='NumUnsigned' digits='2' scale='0'/>
   <field name='VDCLCVTE_VIS_QTD_ACUMP' offset='116' size='2' type='NumUnsigned' digits='2' scale='0'/>
   <field name='VDCLCVTE_SUG_QTDCX' offset='118' size='7' type='NumUnsigned' digits='7' scale='0'/>
   <field name='VDCLCVTE_SUG_QTDUN' offset='125' size='7' type='NumUnsigned' digits='7' scale='0'/>
   <field name='VDCLCVTE_QTD_PEDIDOS' offset='132' size='7' type='NumUnsigned' digits='7' scale='0'/>
   <field name='VDCLCVTE_PROC_EXIG_ID' offset='139' size='5' type='NumUnsigned' digits='5' scale='0'/>
   <field name='VDCLCVTE_QTD_DIAS_FAT' offset='144' size='5' type='NumUnsigned' digits='5' scale='0'/>
   <field name='VDCLCVTE_ORIGEM_PROD' offset='149' size='10' type='Alphanum'/>
   <field name='VDCLCVTE_ORIGEM_INFO' offset='159' size='1' type='Alphanum'/>
  </field>
  <field name='VDCLCVTE_FILLER' offset='160' size='32' type='Alphanum'/>
 </field>
</table>
