<table name='vdpedinv' type='idx' maxRecLen='670' minRecLen='670' keyCount='5'>
 <key segCount='1' duplicate='false'>
  <segment offset='0' size='41'/>
  <part name='VDPEDINV_NREMP'/>
  <part name='VDPEDINV_CODCLI'/>
  <part name='VDPEDINV_DIA'/>
  <part name='VDPEDINV_CODVEN'/>
  <part name='VDPEDINV_SEQCRG'/>
  <part name='VDPEDINV_DATAPED'/>
  <part name='VDPEDINV_HORAPED'/>
  <part name='VDPEDINV_CODR_PRODUTO'/>
 </key>
 <key segCount='10' duplicate='false'>
  <segment offset='0' size='3'/>
  <segment offset='97' size='8'/>
  <segment offset='105' size='8'/>
  <segment offset='13' size='3'/>
  <segment offset='16' size='1'/>
  <segment offset='3' size='8'/>
  <segment offset='11' size='2'/>
  <segment offset='17' size='8'/>
  <segment offset='25' size='6'/>
  <segment offset='31' size='10'/>
  <part name='VDPEDINV_NREMP'/>
  <part name='VDPEDINV_DATACOLETA'/>
  <part name='VDPEDINV_HORACOLETA'/>
  <part name='VDPEDINV_CODVEN'/>
  <part name='VDPEDINV_SEQCRG'/>
  <part name='VDPEDINV_CODCLI'/>
  <part name='VDPEDINV_DIA'/>
  <part name='VDPEDINV_DATAPED'/>
  <part name='VDPEDINV_HORAPED'/>
  <part name='VDPEDINV_CODR_PRODUTO'/>
 </key>
 <key segCount='10' duplicate='false'>
  <segment offset='0' size='3'/>
  <segment offset='31' size='10'/>
  <segment offset='97' size='8'/>
  <segment offset='105' size='8'/>
  <segment offset='13' size='3'/>
  <segment offset='16' size='1'/>
  <segment offset='3' size='8'/>
  <segment offset='11' size='2'/>
  <segment offset='17' size='8'/>
  <segment offset='25' size='6'/>
  <part name='VDPEDINV_NREMP'/>
  <part name='VDPEDINV_CODR_PRODUTO'/>
  <part name='VDPEDINV_DATACOLETA'/>
  <part name='VDPEDINV_HORACOLETA'/>
  <part name='VDPEDINV_CODVEN'/>
  <part name='VDPEDINV_SEQCRG'/>
  <part name='VDPEDINV_CODCLI'/>
  <part name='VDPEDINV_DIA'/>
  <part name='VDPEDINV_DATAPED'/>
  <part name='VDPEDINV_HORAPED'/>
 </key>
 <key segCount='9' duplicate='false'>
  <segment offset='0' size='3'/>
  <segment offset='3' size='8'/>
  <segment offset='11' size='2'/>
  <segment offset='13' size='3'/>
  <segment offset='16' size='1'/>
  <segment offset='125' size='14'/>
  <segment offset='17' size='8'/>
  <segment offset='25' size='6'/>
  <segment offset='31' size='10'/>
  <part name='VDPEDINV_NREMP'/>
  <part name='VDPEDINV_CODCLI'/>
  <part name='VDPEDINV_DIA'/>
  <part name='VDPEDINV_CODVEN'/>
  <part name='VDPEDINV_SEQCRG'/>
  <part name='VDPEDINV_HORI'/>
  <part name='VDPEDINV_DATAPED'/>
  <part name='VDPEDINV_HORAPED'/>
  <part name='VDPEDINV_CODR_PRODUTO'/>
 </key>
 <key segCount='9' duplicate='false'>
  <segment offset='41' size='8'/>
  <segment offset='0' size='3'/>
  <segment offset='3' size='8'/>
  <segment offset='11' size='2'/>
  <segment offset='13' size='3'/>
  <segment offset='16' size='1'/>
  <segment offset='17' size='8'/>
  <segment offset='25' size='6'/>
  <segment offset='31' size='10'/>
  <part name='VDPEDINV_LOGDT'/>
  <part name='VDPEDINV_NREMP'/>
  <part name='VDPEDINV_CODCLI'/>
  <part name='VDPEDINV_DIA'/>
  <part name='VDPEDINV_CODVEN'/>
  <part name='VDPEDINV_SEQCRG'/>
  <part name='VDPEDINV_DATAPED'/>
  <part name='VDPEDINV_HORAPED'/>
  <part name='VDPEDINV_CODR_PRODUTO'/>
 </key>
 <field name='VDPEDINV_REGISTRO' offset='0' size='670' type='Alphanum' hidden='true'>
  <field name='VDPEDINV_CHAVE' offset='0' size='41' type='Alphanum' hidden='true'>
   <field name='VDPEDINV_NREMP' offset='0' size='3' type='NumUnsigned' digits='3' scale='0'/>
   <field name='VDPEDINV_CODCLI' offset='3' size='8' type='NumUnsigned' digits='8' scale='0'/>
   <field name='VDPEDINV_DIA' offset='11' size='2' type='Alphanum'/>
   <field name='VDPEDINV_CODVEN' offset='13' size='3' type='Alphanum'/>
   <field name='VDPEDINV_SEQCRG' offset='16' size='1' type='NumUnsigned' digits='1' scale='0'/>
   <field name='VDPEDINV_DATAPED' offset='17' size='8' type='NumUnsigned' digits='8' scale='0'/>
   <field name='VDPEDINV_HORAPED' offset='25' size='6' type='NumUnsigned' digits='6' scale='0'/>
   <field name='VDPEDINV_CODR_PRODUTO' offset='31' size='10' type='NumUnsigned' digits='10' scale='0'/>
  </field>
  <field name='VDPEDINV_AUDIT' offset='41' size='56' type='Alphanum' hidden='true'>
   <field name='VDPEDINV_LOGDT' offset='41' size='8' type='NumUnsigned' digits='8' scale='0'/>
   <field name='VDPEDINV_INCLDT' offset='49' size='8' type='NumUnsigned' digits='8' scale='0'/>
   <field name='VDPEDINV_INCLHR' offset='57' size='4' type='NumUnsigned' digits='4' scale='0'/>
   <field name='VDPEDINV_INCLSIGLA' offset='61' size='3' type='Alphanum'/>
   <field name='VDPEDINV_ALTEDT' offset='64' size='8' type='NumUnsigned' digits='8' scale='0'/>
   <field name='VDPEDINV_ALTEHR' offset='72' size='4' type='NumUnsigned' digits='4' scale='0'/>
   <field name='VDPEDINV_ALTESIGLA' offset='76' size='3' type='Alphanum'/>
   <field name='VDPEDINV_CANCDT' offset='79' size='8' type='NumUnsigned' digits='8' scale='0'/>
   <field name='VDPEDINV_CANCHR' offset='87' size='4' type='NumUnsigned' digits='4' scale='0'/>
   <field name='VDPEDINV_CANCSIGLA' offset='91' size='3' type='Alphanum'/>
   <field name='VDPEDINV_CANCSN' offset='94' size='1' type='NumUnsigned' digits='1' scale='0'/>
   <field name='VDPEDINV_NIVELAUDIT' offset='95' size='2' type='NumUnsigned' digits='2' scale='0'/>
  </field>
  <field name='VDPEDINV_DADOS' offset='97' size='573' type='Alphanum' hidden='true'>
   <field name='VDPEDINV_DATACOLETA' offset='97' size='8' type='NumUnsigned' digits='8' scale='0'/>
   <field name='VDPEDINV_HORACOLETA' offset='105' size='8' type='NumUnsigned' digits='8' scale='0'/>
   <field name='VDPEDINV_PEDIDO' offset='113' size='12' type='NumUnsigned' digits='12' scale='0'/>
   <field name='VDPEDINV_HORI' offset='125' size='14' type='NumUnsigned' digits='14' scale='0'/>
   <field name='VDPEDINV_QTDE_CHEIO' offset='139' size='7' type='NumUnsigned' digits='7' scale='0'/>
   <field name='VDPEDINV_QTDE_VAZIO' offset='146' size='7' type='NumUnsigned' digits='7' scale='0'/>
   <field name='VDPEDINV_HOUVE_DIVERGENCIA' offset='153' size='1' type='NumUnsigned' digits='1' scale='0'/>
   <field name='VDPEDINV_NOME_FOTO_PROD' offset='154' size='120' type='Alphanum'/>
   <field name='VDPEDINV_NOME_FOTO_JUST' offset='274' size='120' type='Alphanum'/>
   <field name='VDPEDINV_CODJUSTIFICATIVA' offset='394' size='6' type='Alphanum'/>
   <field name='VDPEDINV_OBSERVACAO' offset='400' size='120' type='Alphanum'/>
   <field name='VDPEDINV_QTDE_SUG' offset='520' size='7' type='NumUnsigned' digits='7' scale='0'/>
   <field name='VDPEDINV_QTDE_MAX_VALIDADOR' offset='527' size='7' type='NumUnsigned' digits='7' scale='0'/>
   <field name='VDPEDINV_QTDE_DIVERGENCIA' offset='534' size='7' type='NumUnsigned' digits='7' scale='0'/>
   <field name='VDPEDINV_QTDE_SUG_CTG' offset='541' size='7' type='NumUnsigned' digits='7' scale='0'/>
   <field name='VDPEDINV_QTDE_SUG_LIM' offset='548' size='7' type='NumUnsigned' digits='7' scale='0'/>
   <field name='VDPEDINV_QTDE_VENDIDA' offset='555' size='7' type='NumUnsigned' digits='7' scale='0'/>
   <field name='VDPEDINV_TEVE_MOTNC' offset='562' size='1' type='Alphanum'/>
   <field name='VDPEDINV_COD_MOTNC' offset='563' size='3' type='Alphanum'/>
   <field name='VDPEDINV_ORIGEM_INFO' offset='566' size='1' type='Alphanum'/>
   <field name='VDPEDINV_FILLER' offset='567' size='103' type='Alphanum'/>
  </field>
 </field>
</table>
