<table name='vdclifsp' type='idx' maxRecLen='321' minRecLen='321' keyCount='2'>
 <key segCount='1' duplicate='false'>
  <segment offset='0' size='10'/>
  <part name='VDCLIFSP_NUMLIC'/>
  <part name='VDCLIFSP_CODEMP'/>
  <part name='VDCLIFSP_COD'/>
 </key>
 <key segCount='2' duplicate='false'>
  <segment offset='10' size='8'/>
  <segment offset='0' size='10'/>
  <part name='VDCLIFSP_LOGDT'/>
  <part name='VDCLIFSP_NUMLIC'/>
  <part name='VDCLIFSP_CODEMP'/>
  <part name='VDCLIFSP_COD'/>
 </key>
 <field name='VDCLIFSP_REGISTRO' offset='0' size='321' type='Alphanum' hidden='true'>
  <field name='VDCLIFSP_CHAVE' offset='0' size='10' type='Alphanum' hidden='true'>
   <field name='VDCLIFSP_NUMLIC' offset='0' size='4' type='NumUnsigned' digits='4' scale='0'/>
   <field name='VDCLIFSP_CODEMP' offset='4' size='3' type='NumUnsigned' digits='3' scale='0'/>
   <field name='VDCLIFSP_COD' offset='7' size='3' type='NumUnsigned' digits='3' scale='0'/>
  </field>
  <field name='VDCLIFSP_AUDIT' offset='10' size='56' type='Alphanum' hidden='true'>
   <field name='VDCLIFSP_LOGDT' offset='10' size='8' type='NumUnsigned' digits='8' scale='0'/>
   <field name='VDCLIFSP_INCLDT' offset='18' size='8' type='NumUnsigned' digits='8' scale='0'/>
   <field name='VDCLIFSP_INCLHR' offset='26' size='4' type='NumUnsigned' digits='4' scale='0'/>
   <field name='VDCLIFSP_INCLUSER' offset='30' size='3' type='Alphanum'/>
   <field name='VDCLIFSP_ALTEDT' offset='33' size='8' type='NumUnsigned' digits='8' scale='0'/>
   <field name='VDCLIFSP_ALTEHR' offset='41' size='4' type='NumUnsigned' digits='4' scale='0'/>
   <field name='VDCLIFSP_ALTEUSER' offset='45' size='3' type='Alphanum'/>
   <field name='VDCLIFSP_CANCDT' offset='48' size='8' type='NumUnsigned' digits='8' scale='0'/>
   <field name='VDCLIFSP_CANCHR' offset='56' size='4' type='NumUnsigned' digits='4' scale='0'/>
   <field name='VDCLIFSP_CANCUSER' offset='60' size='3' type='Alphanum'/>
   <field name='VDCLIFSP_CANCSN' offset='63' size='1' type='NumUnsigned' digits='1' scale='0'/>
   <field name='VDCLIFSP_NIVELAUDIT' offset='64' size='2' type='NumUnsigned' digits='2' scale='0'/>
  </field>
  <field name='VDCLIFSP_DADOS' offset='66' size='126' type='Alphanum' hidden='true'>
   <field name='VDCLIFSP_DESCRICAO' offset='66' size='50' type='Alphanum'/>
   <field name='VDCLIFSP_DESCR_RED' offset='116' size='15' type='Alphanum'/>
   <field name='VDCLIFSP_DTINI_ATU' offset='131' size='8' type='NumUnsigned' digits='8' scale='0'/>
   <field name='VDCLIFSP_DTFIM_ATU' offset='139' size='8' type='NumUnsigned' digits='8' scale='0'/>
   <field name='VDCLIFSP_CANAL' offset='147' size='2' type='Alphanum'/>
   <field name='VDCLIFSP_LIVRE' offset='149' size='2' type='Alphanum'/>
   <field name='VDCLIFSP_CODREGIAO' offset='151' size='4' type='NumUnsigned' digits='4' scale='0'/>
   <field name='VDCLIFSP_CODGER' offset='155' size='3' type='Alphanum'/>
   <field name='VDCLIFSP_CODSUP' offset='158' size='3' type='Alphanum'/>
   <field name='VDCLIFSP_CODVEN' offset='161' size='3' type='Alphanum'/>
   <field name='VDCLIFSP_CODECO' offset='164' size='1' type='Alphanum'/>
   <field name='VDCLIFSP_POTFIN' offset='165' size='1' type='Alphanum'/>
   <field name='VDCLIFSP_GRPGER' offset='166' size='2' type='NumUnsigned' digits='2' scale='0'/>
   <field name='VDCLIFSP_CODEXI' offset='168' size='3' type='NumUnsigned' digits='3' scale='0'/>
   <field name='VDCLIFSP_PERIODO_DIAS' offset='171' size='3' type='NumUnsigned' digits='3' scale='0'/>
   <field name='VDCLIFSP_SUBCANAL' offset='174' size='3' type='NumUnsigned' digits='3' scale='0'/>
   <field name='VDCLIFSP_PRIORIDADE' offset='177' size='5' type='NumUnsigned' digits='5' scale='0'/>
   <field name='VDCLIFSP_CODCIA' offset='182' size='10' type='Alphanum'/>
  </field>
  <field name='VDCLIFSP_FILLER' offset='192' size='129' type='Alphanum'/>
 </field>
</table>
