<table name='vdprdgpa' type='idx' maxRecLen='165' minRecLen='165' keyCount='2'>
 <key segCount='1' duplicate='false'>
  <segment offset='0' size='9'/>
  <part name='VDPRDGPA_GRPPAR'/>
  <part name='VDPRDGPA_CODPRD'/>
 </key>
 <key segCount='2' duplicate='false'>
  <segment offset='3' size='6'/>
  <segment offset='0' size='3'/>
  <part name='VDPRDGPA_CODPRD'/>
  <part name='VDPRDGPA_GRPPAR'/>
 </key>
 <field name='VDPRDGPA_REGISTRO' offset='0' size='165' type='Alphanum' hidden='true'>
  <field name='VDPRDGPA_CHAVE' offset='0' size='9' type='Alphanum' hidden='true'>
   <field name='VDPRDGPA_GRPPAR' offset='0' size='3' type='NumUnsigned' digits='3' scale='0'/>
   <field name='VDPRDGPA_CODPRD' offset='3' size='6' type='NumUnsigned' digits='6' scale='0'/>
   <field name='FILLER' offset='3' size='6' type='Alphanum' hidden='true'>
    <field name='VDPRDGPA_CFAM' offset='3' size='3' type='NumUnsigned' digits='3' scale='0' hidden='true'/>
    <field name='VDPRDGPA_NRO' offset='6' size='3' type='NumUnsigned' digits='3' scale='0' hidden='true'/>
   </field>
  </field>
  <field name='VDPRDGPA_AUDIT' offset='9' size='56' type='Alphanum' hidden='true'>
   <field name='VDPRDGPA_LOGDT' offset='9' size='8' type='NumUnsigned' digits='8' scale='0'/>
   <field name='VDPRDGPA_INCLDT' offset='17' size='8' type='NumUnsigned' digits='8' scale='0'/>
   <field name='VDPRDGPA_INCLHR' offset='25' size='4' type='NumUnsigned' digits='4' scale='0'/>
   <field name='VDPRDGPA_INCLUSER' offset='29' size='3' type='Alphanum'/>
   <field name='VDPRDGPA_ALTEDT' offset='32' size='8' type='NumUnsigned' digits='8' scale='0'/>
   <field name='VDPRDGPA_ALTEHR' offset='40' size='4' type='NumUnsigned' digits='4' scale='0'/>
   <field name='VDPRDGPA_ALTEUSER' offset='44' size='3' type='Alphanum'/>
   <field name='VDPRDGPA_CANCDT' offset='47' size='8' type='NumUnsigned' digits='8' scale='0'/>
   <field name='VDPRDGPA_CANCHR' offset='55' size='4' type='NumUnsigned' digits='4' scale='0'/>
   <field name='VDPRDGPA_CANCUSER' offset='59' size='3' type='Alphanum'/>
   <field name='VDPRDGPA_CANCSN' offset='62' size='1' type='NumUnsigned' digits='1' scale='0'/>
   <field name='VDPRDGPA_NIVELAUDIT' offset='63' size='2' type='NumUnsigned' digits='2' scale='0'/>
  </field>
  <field name='VDPRDGPA_DADOS' offset='65' size='56' type='Alphanum' hidden='true'>
   <field name='VDPRDGPA_DESCRICAO' offset='65' size='40' type='Alphanum'/>
   <field name='VDPRDGPA_QTDE_PRODS' offset='105' size='6' type='NumUnsigned' digits='6' scale='0'/>
   <field name='VDPRDGPA_CODCIA' offset='111' size='10' type='Alphanum'/>
  </field>
  <field name='VDPRDGPA_FILLER' offset='121' size='44' type='Alphanum'/>
 </field>
</table>
