<table name='vdcadflt' type='idx' maxRecLen='256' minRecLen='256' keyCount='5'>
 <key segCount='1' duplicate='false'>
  <segment offset='0' size='86'/>
  <part name='VDCADFLT_NREMP'/>
  <part name='VDCADFLT_COD_PROCESSO'/>
  <part name='VDCADFLT_NOME_TABELA'/>
  <part name='VDCADFLT_CHAVE_ERP'/>
  <part name='VDCADFLT_DATA'/>
  <part name='VDCADFLT_HORA'/>
  <part name='VDCADFLT_USUARIO'/>
 </key>
 <key segCount='7' duplicate='false'>
  <segment offset='0' size='3'/>
  <segment offset='9' size='8'/>
  <segment offset='3' size='6'/>
  <segment offset='17' size='50'/>
  <segment offset='67' size='8'/>
  <segment offset='75' size='8'/>
  <segment offset='83' size='3'/>
  <part name='VDCADFLT_NREMP'/>
  <part name='VDCADFLT_NOME_TABELA'/>
  <part name='VDCADFLT_COD_PROCESSO'/>
  <part name='VDCADFLT_CHAVE_ERP'/>
  <part name='VDCADFLT_DATA'/>
  <part name='VDCADFLT_HORA'/>
  <part name='VDCADFLT_USUARIO'/>
 </key>
 <key segCount='7' duplicate='false'>
  <segment offset='0' size='3'/>
  <segment offset='67' size='8'/>
  <segment offset='3' size='6'/>
  <segment offset='75' size='8'/>
  <segment offset='83' size='3'/>
  <segment offset='9' size='8'/>
  <segment offset='17' size='50'/>
  <part name='VDCADFLT_NREMP'/>
  <part name='VDCADFLT_DATA'/>
  <part name='VDCADFLT_COD_PROCESSO'/>
  <part name='VDCADFLT_HORA'/>
  <part name='VDCADFLT_USUARIO'/>
  <part name='VDCADFLT_NOME_TABELA'/>
  <part name='VDCADFLT_CHAVE_ERP'/>
 </key>
 <key segCount='7' duplicate='false'>
  <segment offset='0' size='3'/>
  <segment offset='67' size='8'/>
  <segment offset='75' size='8'/>
  <segment offset='83' size='3'/>
  <segment offset='9' size='8'/>
  <segment offset='3' size='6'/>
  <segment offset='17' size='50'/>
  <part name='VDCADFLT_NREMP'/>
  <part name='VDCADFLT_DATA'/>
  <part name='VDCADFLT_HORA'/>
  <part name='VDCADFLT_USUARIO'/>
  <part name='VDCADFLT_NOME_TABELA'/>
  <part name='VDCADFLT_COD_PROCESSO'/>
  <part name='VDCADFLT_CHAVE_ERP'/>
 </key>
 <key segCount='8' duplicate='false'>
  <segment offset='0' size='3'/>
  <segment offset='87' size='8'/>
  <segment offset='3' size='6'/>
  <segment offset='9' size='8'/>
  <segment offset='17' size='50'/>
  <segment offset='67' size='8'/>
  <segment offset='75' size='8'/>
  <segment offset='83' size='3'/>
  <part name='VDCADFLT_NREMP'/>
  <part name='VDCADFLT_PROGRAMA'/>
  <part name='VDCADFLT_COD_PROCESSO'/>
  <part name='VDCADFLT_NOME_TABELA'/>
  <part name='VDCADFLT_CHAVE_ERP'/>
  <part name='VDCADFLT_DATA'/>
  <part name='VDCADFLT_HORA'/>
  <part name='VDCADFLT_USUARIO'/>
 </key>
 <field name='VDCADFLT_REGISTRO' offset='0' size='256' type='Alphanum' hidden='true'>
  <field name='VDCADFLT_CHAVE' offset='0' size='86' type='Alphanum' hidden='true'>
   <field name='VDCADFLT_NREMP' offset='0' size='3' type='NumUnsigned' digits='3' scale='0'/>
   <field name='VDCADFLT_COD_PROCESSO' offset='3' size='6' type='NumUnsigned' digits='6' scale='0'/>
   <field name='VDCADFLT_NOME_TABELA' offset='9' size='8' type='Alphanum'/>
   <field name='VDCADFLT_CHAVE_ERP' offset='17' size='50' type='Alphanum'/>
   <field name='VDCADFLT_DATA' offset='67' size='8' type='NumUnsigned' digits='8' scale='0'/>
   <field name='VDCADFLT_HORA' offset='75' size='8' type='NumUnsigned' digits='8' scale='0'/>
   <field name='VDCADFLT_USUARIO' offset='83' size='3' type='Alphanum'/>
  </field>
  <field name='VDCADFLT_DADOS' offset='86' size='170' type='Alphanum' hidden='true'>
   <field name='VDCADFLT_OPERACAO' offset='86' size='1' type='NumUnsigned' digits='1' scale='0'/>
   <field name='VDCADFLT_PROGRAMA' offset='87' size='8' type='Alphanum'/>
   <field name='VDCADFLT_VERSAO_PRG' offset='95' size='10' type='Alphanum'/>
   <field name='VDCADFLT_STATUS_INTEG' offset='105' size='1' type='NumUnsigned' digits='1' scale='0'/>
   <field name='VDCADFLT_MSG_ERRO' offset='106' size='50' type='Alphanum'/>
  </field>
 </field>
</table>
